game_ID,home_team,away_team,home_goals,away_goals,possession_home,possession_away,shots_on_target_home,shots_on_target_away,shots_home,shots_away,touches_home,touches_away,passes_home,passes_away,tackles_home,tackles_away,clearances_home,clearances_away,corners_home,corners_away,offsides_home,offsides_away,yellow_cards_home,yellow_cards_away,fouls_conceded_home,fouls_conceded_away,red_cards_home,red_cards_away
93691,Arsenal,Everton,2,1,69.1,30.9,5,2,26,5,831,465,653,300,7,17,5,27,8,1,1,4,4,3,8,11,0,0
93692,Brentford,Newcastle,2,4,53.8,46.2,5,7,10,12,631,577,471,412,14,14,14,13,3,0,2,1,4,4,15,11,0,0
93693,Brighton,Man Utd,0,2,54.8,45.2,3,4,17,11,716,632,548,462,22,21,10,14,7,5,0,1,1,3,10,9,0,0
93694,Burnley,Nott'm Forest,1,2,72.6,27.4,3,6,20,12,809,395,658,246,8,14,10,31,4,3,0,2,1,0,11,5,0,0
93695,Chelsea,Bournemouth,2,1,61.4,38.6,6,5,16,22,737,538,533,320,25,22,19,17,6,5,0,1,2,3,5,9,0,0
93696,Crystal Palace,Aston Villa,5,0,54,46,9,2,15,8,695,601,552,463,17,10,12,13,2,4,3,1,1,4,10,8,0,0
93697,Liverpool,Wolves,2,0,67.4,32.6,14,3,36,4,811,491,621,303,22,23,6,24,10,2,3,2,1,1,14,10,0,1
93698,Luton,Fulham,2,4,40.4,59.6,6,8,15,16,468,617,304,460,9,20,8,16,4,4,8,1,5,4,15,20,0,0
93699,Man City,West Ham,3,1,71.4,28.6,12,2,28,3,930,452,782,307,19,14,4,18,11,2,3,0,0,1,3,12,0,0
93700,Sheffield Utd,Spurs,0,3,23.9,76.1,1,9,6,18,374,862,218,697,14,12,24,12,2,6,6,0,2,0,11,9,0,0
93652,Brighton,Chelsea,1,2,54.7,45.3,2,6,12,14,729,651,555,474,17,14,11,33,4,6,1,1,2,2,13,14,0,1
93657,Man Utd,Newcastle,3,2,44.4,55.6,8,8,17,21,544,637,361,436,17,13,30,26,9,9,1,2,3,3,16,7,0,0
93659,Spurs,Man City,0,2,53.4,46.6,5,5,10,8,776,722,611,533,23,20,12,12,7,4,2,2,3,3,14,11,0,0
93681,Aston Villa,Liverpool,3,3,41.2,58.8,5,7,19,14,595,753,395,577,13,21,17,17,5,4,2,6,1,1,11,15,0,0
93685,Man Utd,Arsenal,0,1,54.2,45.8,2,5,14,11,706,612,515,434,17,26,17,17,4,7,2,0,0,2,5,6,0,0
93682,Bournemouth,Brentford,1,2,47.9,52.1,4,5,13,11,547,580,367,388,14,17,18,15,3,8,1,0,2,2,16,12,0,0
93683,Everton,Sheffield Utd,1,0,57.5,42.5,6,1,15,13,693,557,500,362,26,17,19,25,3,6,3,0,1,2,6,11,0,0
93686,Newcastle,Brighton,1,1,56.2,43.8,7,4,18,15,759,638,567,452,8,22,11,27,8,4,3,1,3,4,9,16,0,0
93688,Spurs,Burnley,2,1,63.1,36.9,9,3,21,7,733,487,547,318,12,20,9,20,9,3,1,3,3,5,10,14,0,0
93687,Nott'm Forest,Chelsea,2,3,32.3,67.7,4,5,20,12,469,823,280,623,31,9,33,27,5,6,3,1,2,3,14,8,0,0
93684,Fulham,Man City,0,4,35.8,64.2,1,9,1,16,568,921,420,769,23,7,17,10,1,7,0,0,1,0,9,6,1,0
93689,West Ham,Luton,3,1,57.9,42.1,8,1,24,4,667,519,459,320,18,19,21,33,7,6,2,0,1,3,9,15,0,0
93690,Wolves,Crystal Palace,1,3,61.7,38.3,8,3,14,13,753,551,545,345,22,24,8,25,8,3,3,5,3,2,13,12,0,1
93676,Crystal Palace,Man Utd,4,0,42.6,57.4,10,2,18,7,646,793,439,610,20,25,8,18,6,2,2,1,1,1,12,8,0,0
93673,Brighton,Aston Villa,1,0,52.5,47.5,8,1,15,2,647,599,490,443,17,18,16,14,7,3,4,1,2,1,13,10,0,0
93675,Chelsea,West Ham,5,0,69.4,30.6,14,2,25,13,917,495,741,312,18,15,26,21,8,6,1,0,1,3,12,10,0,0
93677,Liverpool,Spurs,4,2,44,56,13,6,25,11,649,772,430,567,26,14,13,22,8,3,7,2,1,4,14,12,0,0
93671,Arsenal,Bournemouth,3,0,55.3,44.7,9,2,25,7,643,555,459,368,18,14,12,23,6,1,5,0,2,3,16,12,0,0
93672,Brentford,Fulham,0,0,54.1,45.9,3,3,7,15,712,610,502,425,11,19,24,33,7,6,1,0,1,1,3,6,0,0
93674,Burnley,Newcastle,1,4,46.6,53.4,5,11,17,23,631,698,425,478,19,29,25,9,4,11,0,0,2,2,8,8,0,0
93680,Sheffield Utd,Nott'm Forest,1,3,54.2,45.8,5,4,17,15,668,615,512,430,12,21,7,16,5,3,0,1,0,1,9,7,1,0
93679,Man City,Wolves,5,1,57.9,42.1,12,1,20,2,788,603,616,454,13,20,4,11,6,0,2,2,0,4,4,17,0,0
93678,Luton,Everton,1,1,50.1,49.9,5,3,18,10,637,615,411,421,18,24,26,30,7,7,0,0,1,3,14,12,0,0
93575,Chelsea,Spurs,2,0,37.4,62.6,5,3,16,19,569,785,357,577,22,16,27,11,4,9,1,2,0,1,12,16,0,0
93662,Bournemouth,Brighton,3,0,30,70,6,1,15,13,442,811,250,607,9,26,23,18,8,2,1,1,2,2,14,10,0,0
93668,Spurs,Arsenal,2,3,62.2,37.8,2,3,15,9,778,542,564,344,24,24,10,25,8,6,3,4,2,1,12,16,0,0
93667,Nott'm Forest,Man City,0,2,33.3,66.7,2,5,14,11,523,886,350,733,21,20,8,12,4,5,2,1,0,0,8,6,0,0
93664,Fulham,Crystal Palace,1,1,54,46,2,4,9,14,708,659,530,446,24,20,21,22,5,9,1,1,0,2,11,15,0,0
93663,Everton,Brentford,1,0,47.5,52.5,1,4,18,10,620,652,416,458,17,17,26,23,6,6,4,2,1,2,10,12,0,0
93661,Aston Villa,Chelsea,2,2,28.8,71.2,4,5,9,21,413,840,268,664,10,21,16,11,2,4,2,4,3,5,13,14,0,0
93669,West Ham,Liverpool,2,2,28.6,71.4,8,8,11,28,472,889,267,675,21,18,35,19,4,8,1,4,0,2,8,10,0,0
93665,Man Utd,Burnley,1,1,47.7,52.3,10,7,27,16,621,641,414,452,14,14,24,23,6,5,0,2,1,3,8,11,0,0
93666,Newcastle,Sheffield Utd,5,1,59.8,40.2,7,5,20,15,766,573,575,392,19,18,12,13,4,5,3,0,0,0,9,10,0,0
93670,Wolves,Luton,2,1,57.8,42.2,5,6,13,9,808,641,613,433,22,28,17,13,4,4,2,0,3,1,14,14,0,0
93602,Brighton,Man City,0,4,35.3,64.7,3,6,7,14,555,926,421,786,15,11,14,7,4,4,5,1,2,0,10,3,0,0
93610,Wolves,Bournemouth,0,1,62.8,37.2,4,6,15,21,751,541,535,304,17,22,21,25,8,12,2,1,4,1,10,17,0,1
93604,Crystal Palace,Newcastle,2,0,46.7,53.3,7,2,20,7,660,718,441,503,26,27,17,15,7,2,5,2,3,3,10,15,0,0
93605,Everton,Liverpool,2,0,23.9,76.1,6,7,16,23,440,914,227,717,12,14,44,8,4,13,4,1,0,3,6,13,0,0
93608,Man Utd,Sheffield Utd,4,2,71.5,28.5,13,4,25,10,914,467,730,292,17,22,5,24,8,4,3,2,0,1,7,9,0,0
93601,Arsenal,Chelsea,5,0,44.2,55.8,10,1,27,7,669,784,497,630,22,13,13,15,4,2,3,0,2,2,12,11,0,0
93654,Everton,Nott'm Forest,2,0,40.3,59.7,4,3,7,8,576,749,375,573,20,13,25,16,6,4,0,1,4,2,15,9,0,0
93651,Aston Villa,Bournemouth,3,1,56.4,43.6,5,6,15,14,623,527,482,368,12,12,10,23,8,4,2,3,1,3,8,14,0,0
93653,Crystal Palace,West Ham,5,2,60.9,39.1,7,1,18,4,855,628,650,417,39,26,8,15,4,0,0,5,3,2,9,9,0,0
93655,Fulham,Liverpool,1,3,39.9,60.1,5,7,12,14,622,826,425,656,12,12,16,13,1,4,1,3,3,0,5,11,0,0
93656,Luton,Brentford,1,5,52.6,47.4,3,9,6,21,595,569,391,345,19,25,34,28,4,9,0,0,1,2,13,10,0,0
93658,Sheffield Utd,Burnley,1,4,48.6,51.4,11,9,18,16,665,722,461,503,18,18,13,32,11,2,2,1,1,0,10,9,0,0
93660,Wolves,Arsenal,0,2,46.3,53.7,3,9,5,24,612,706,465,537,23,11,23,7,1,2,1,2,3,2,14,9,0,0
93645,Chelsea,Everton,6,0,59.3,40.7,10,2,14,10,828,564,611,399,10,17,24,6,4,8,0,4,1,4,5,21,0,0
93646,Liverpool,Crystal Palace,0,1,69.8,30.2,6,5,21,8,975,567,725,324,26,27,11,45,11,1,2,5,1,1,10,10,0,0
93641,Arsenal,Aston Villa,0,2,51.5,48.5,4,2,18,11,643,605,450,425,21,18,15,14,4,6,5,1,3,1,12,7,0,0
93650,West Ham,Fulham,0,2,58.2,41.8,4,10,15,18,794,616,549,412,16,26,12,35,8,3,1,0,1,2,6,13,0,0
93648,Newcastle,Spurs,4,0,27.1,72.9,5,2,18,11,369,742,189,575,12,14,22,15,16,3,1,3,0,4,14,12,0,0
93643,Brentford,Sheffield Utd,2,0,53.2,46.8,5,2,9,8,594,516,391,344,12,13,28,15,3,6,3,2,3,1,8,11,0,0
93644,Burnley,Brighton,1,1,44.5,55.5,3,8,11,20,638,761,453,567,22,16,18,14,4,5,1,4,1,2,18,8,0,0
93647,Man City,Luton,5,1,73.6,26.4,13,2,37,4,939,450,763,276,20,13,3,28,12,1,0,1,1,0,7,6,0,0
93649,Nott'm Forest,Wolves,2,2,46.2,53.8,9,4,18,11,609,719,438,525,14,14,7,30,10,1,1,1,2,3,15,10,0,0
93642,Bournemouth,Man Utd,2,2,43,57,5,2,20,8,575,709,382,528,18,13,17,16,7,2,1,2,4,0,13,14,0,0
93637,Man Utd,Liverpool,2,2,38,62,5,7,9,28,560,791,362,574,32,15,30,13,6,11,3,2,5,2,9,10,0,0
93638,Sheffield Utd,Chelsea,2,2,32.2,67.8,6,3,11,6,487,848,316,697,13,10,22,21,7,6,0,0,4,2,12,10,0,0
93639,Spurs,Nott'm Forest,3,1,63.6,36.4,7,6,17,13,834,575,668,380,17,10,13,22,12,2,2,2,2,4,11,12,0,0
93633,Crystal Palace,Man City,2,4,24.5,75.5,4,8,7,18,429,993,274,845,17,9,25,10,2,9,2,1,1,1,13,3,0,0
93631,Aston Villa,Brentford,3,3,70,30,3,3,11,8,735,417,571,247,8,11,18,25,11,3,0,4,2,2,15,11,0,0
93634,Everton,Burnley,1,0,37,63,3,1,12,6,507,706,294,523,26,14,25,17,3,5,10,1,2,1,11,13,0,1
93635,Fulham,Newcastle,0,1,66.6,33.4,4,5,14,12,782,510,588,296,20,14,6,32,14,3,0,2,1,2,10,13,0,0
93636,Luton,Bournemouth,2,1,55.8,44.2,9,1,19,8,627,559,401,327,24,23,18,30,7,2,0,0,0,0,7,14,0,0
93640,Wolves,West Ham,1,2,58.3,41.7,7,4,14,11,798,634,595,414,35,22,16,15,4,4,3,0,5,2,15,7,0,0
93632,Brighton,Arsenal,0,3,54.7,45.3,2,7,10,20,711,621,529,439,19,14,17,17,8,7,2,2,1,2,14,13,0,0
93628,Liverpool,Sheffield Utd,3,1,82.9,17.1,9,3,29,5,985,340,786,168,15,17,5,40,13,1,0,1,0,1,6,9,0,0
93627,Chelsea,Man Utd,4,3,56.6,43.4,10,5,28,19,745,610,549,426,12,18,6,16,12,3,3,0,3,1,7,15,0,0
93629,Man City,Aston Villa,4,1,67,33,11,3,25,8,884,512,701,337,26,21,6,16,2,3,1,1,1,2,6,13,0,0
93621,Arsenal,Luton,2,0,58,42,4,1,13,5,771,584,614,430,10,17,15,12,3,1,1,1,1,1,12,8,0,0
93623,Brentford,Brighton,0,0,33,67,2,6,5,24,476,842,326,662,15,14,14,12,1,5,3,0,1,1,9,12,0,0
93630,Newcastle,Everton,1,1,58.2,41.8,6,3,18,10,705,564,495,361,21,17,19,29,7,3,2,0,0,3,9,14,0,0
93625,Nott'm Forest,Fulham,3,1,33.3,66.7,4,3,16,18,508,797,324,629,11,15,36,13,3,8,2,0,1,0,7,8,0,0
93622,Bournemouth,Crystal Palace,1,0,50.2,49.8,6,2,11,3,677,663,442,457,20,29,23,27,9,2,0,4,3,2,13,14,0,0
93624,Burnley,Wolves,1,1,50.9,49.1,6,2,13,8,662,665,468,468,16,18,13,29,7,4,2,5,0,2,10,12,0,0
93626,West Ham,Spurs,1,1,32.3,67.7,4,4,11,13,510,863,302,662,16,21,19,17,9,5,3,1,1,4,13,9,0,0
93615,Liverpool,Brighton,2,1,54.3,45.7,8,3,30,9,791,694,585,484,19,28,14,23,8,4,5,3,5,3,20,6,0,0
93616,Man City,Arsenal,0,0,72.5,27.5,1,2,12,6,895,440,700,269,13,20,7,24,7,4,2,1,0,2,9,20,0,0
93617,Newcastle,West Ham,4,3,59.9,40.1,9,4,24,10,707,545,518,343,24,21,13,22,3,4,1,2,1,1,9,8,1,0
93612,Bournemouth,Everton,2,1,48.6,51.4,4,3,11,7,570,608,360,391,14,24,30,29,9,8,0,4,1,2,14,11,0,0
93614,Chelsea,Burnley,2,2,69.1,30.9,13,7,33,18,811,456,630,271,8,10,10,26,12,4,3,0,2,2,12,7,0,1
93618,Nott'm Forest,Crystal Palace,1,1,58.4,41.6,5,3,12,10,769,615,547,397,15,22,14,42,4,6,4,0,1,1,14,12,0,0
93619,Sheffield Utd,Fulham,3,3,26.4,73.6,4,9,8,24,397,784,215,592,19,9,40,13,2,15,2,0,4,1,10,13,0,0
93620,Spurs,Luton,2,1,69.6,30.4,4,3,17,7,790,435,610,255,16,12,13,22,3,6,1,1,3,4,16,14,0,0
93611,Aston Villa,Wolves,2,0,48.3,51.7,5,3,11,13,573,607,408,439,16,24,9,12,5,4,1,2,3,4,11,19,0,0
93613,Brentford,Man Utd,1,1,47.3,52.7,5,5,31,11,595,673,377,450,16,14,13,44,14,4,1,2,3,2,7,14,0,0
93609,West Ham,Aston Villa,1,1,30.6,69.4,5,5,13,13,461,801,264,640,13,14,25,16,7,10,4,2,3,3,13,12,0,0
93603,Burnley,Brentford,2,1,60.5,39.5,6,5,17,9,648,482,457,292,10,27,17,24,5,4,5,3,2,4,14,17,0,1
93606,Fulham,Spurs,3,0,42.9,57.1,7,5,16,14,590,735,400,546,20,12,8,20,4,5,2,4,2,3,9,10,0,0
93607,Luton,Nott'm Forest,1,1,59.7,40.3,4,6,10,16,631,473,440,297,8,25,13,22,6,7,1,2,1,2,10,17,0,0
93482,Bournemouth,Luton,4,3,59.1,40.9,10,4,24,8,677,505,438,310,17,17,18,35,11,3,1,1,1,2,16,11,0,0
93595,Chelsea,Newcastle,3,2,45,55,8,3,12,11,622,734,432,512,33,17,18,8,0,4,2,2,3,1,12,7,0,0
93592,Aston Villa,Spurs,0,4,30.7,69.3,1,5,10,9,480,888,303,708,19,19,10,12,6,4,5,2,0,2,11,15,1,0
93594,Brighton,Nott'm Forest,1,0,64,36,3,4,10,9,847,550,680,375,9,13,19,15,6,3,1,1,4,4,14,14,0,0
93599,West Ham,Burnley,2,2,51.6,48.4,4,4,22,11,662,614,439,428,16,17,16,30,4,3,5,2,2,4,11,18,0,0
93597,Liverpool,Man City,1,1,52.8,47.2,6,6,19,10,784,728,584,530,23,15,13,18,7,4,6,1,0,3,6,10,0,0
93598,Man Utd,Everton,2,0,51.1,48.9,8,6,15,23,658,636,488,444,15,13,19,7,5,8,6,1,1,2,13,11,0,0
93593,Bournemouth,Sheffield Utd,2,2,69.9,30.1,12,9,32,13,846,483,614,278,13,16,16,43,10,3,1,1,3,5,12,11,0,0
93596,Crystal Palace,Luton,1,1,50.4,49.6,4,2,21,8,628,619,427,404,19,12,22,19,8,6,0,1,2,3,20,11,0,0
93600,Wolves,Fulham,2,1,47.8,52.2,3,7,8,23,630,650,451,495,9,21,20,11,3,4,3,0,2,2,7,11,0,0
93591,Arsenal,Brentford,2,1,71.5,28.5,6,4,17,9,738,385,564,226,8,13,7,33,10,4,1,2,2,4,9,10,0,0
93589,Sheffield Utd,Arsenal,0,6,19.3,80.7,0,10,4,22,341,1040,213,895,14,7,32,6,0,7,2,5,1,0,11,4,0,0
93582,Burnley,Bournemouth,0,2,74.7,25.3,6,3,20,10,811,422,608,206,19,20,12,35,7,2,2,4,2,4,8,13,0,0
93586,Man City,Man Utd,3,1,72.9,27.1,8,1,27,3,981,478,801,305,5,19,4,41,15,2,0,1,0,1,5,10,0,0
93581,Brentford,Chelsea,2,2,31.9,68.1,5,6,14,17,517,863,297,642,22,26,20,16,0,6,1,4,3,1,10,9,0,0
93583,Everton,West Ham,1,3,55,45,11,5,22,12,715,638,498,407,10,23,11,30,4,5,2,1,1,2,9,6,0,0
93584,Fulham,Brighton,3,0,29.5,70.5,5,5,12,15,488,948,307,742,24,16,27,12,2,6,2,4,1,2,16,10,0,0
93587,Newcastle,Wolves,3,0,44.2,55.8,7,3,14,12,628,769,451,564,19,8,15,13,3,5,0,2,0,1,8,11,0,0
93585,Luton,Aston Villa,2,3,46.5,53.5,5,8,14,12,542,613,365,443,12,15,17,25,8,6,3,1,1,4,8,19,0,0
93588,Nott'm Forest,Liverpool,0,1,29.4,70.6,2,2,8,22,490,876,278,662,20,20,26,11,3,12,2,1,3,2,11,12,0,0
93590,Spurs,Crystal Palace,3,1,78.2,21.8,6,1,14,4,995,406,818,226,18,16,7,30,11,1,2,5,1,2,7,16,0,0
93579,West Ham,Brentford,4,2,41.3,58.7,6,8,17,14,628,775,396,551,15,31,35,17,1,7,2,4,1,2,5,9,0,0
93580,Wolves,Sheffield Utd,1,0,63.5,36.5,2,4,13,12,795,515,608,341,23,17,25,21,5,6,1,0,2,1,8,4,0,0
93572,Aston Villa,Nott'm Forest,4,2,58.1,41.9,6,3,16,10,683,527,512,372,13,23,22,11,7,2,1,2,1,2,7,16,0,0
93574,Brighton,Everton,1,1,64.6,35.4,7,3,23,6,825,538,638,350,16,13,12,28,11,3,1,3,2,3,9,14,1,0
93576,Crystal Palace,Burnley,3,0,55.8,44.2,6,0,15,2,668,555,477,393,13,14,12,32,12,3,6,2,3,1,8,14,0,1
93578,Man Utd,Fulham,1,2,56.8,43.2,9,5,21,17,721,594,537,400,14,18,18,24,10,9,2,1,2,5,6,11,0,0
93573,Bournemouth,Man City,0,1,37.9,62.1,4,6,13,15,544,776,351,582,23,12,26,14,3,8,3,0,2,2,14,6,0,0
93571,Arsenal,Newcastle,4,1,54.8,45.2,8,2,18,3,702,604,557,462,11,11,6,21,9,0,3,2,1,0,15,6,0,0
93577,Liverpool,Luton,4,1,60.8,39.2,13,3,29,12,737,546,508,329,21,22,20,34,13,4,2,3,1,4,15,14,0,0
93496,Man City,Brentford,1,0,69.9,30.1,11,2,25,6,894,469,712,304,6,11,20,27,10,1,1,3,2,4,12,6,0,0
93563,Everton,Crystal Palace,1,1,62.7,37.3,4,4,19,10,764,537,527,315,25,15,15,37,3,6,1,2,0,2,8,12,0,0
93569,Sheffield Utd,Brighton,0,5,20.6,79.4,1,10,6,24,381,1044,226,871,8,15,37,13,5,10,2,2,1,4,3,5,1,0
93565,Luton,Man Utd,1,2,58.5,41.5,4,9,22,21,753,587,528,391,14,14,12,26,8,6,4,1,3,5,7,21,0,0
93562,Burnley,Arsenal,0,5,34.9,65.1,0,7,8,16,488,779,316,603,17,15,21,13,4,6,5,1,2,1,11,8,0,0
93564,Fulham,Aston Villa,1,2,52.2,47.8,4,3,15,12,608,596,450,425,14,11,10,28,4,4,2,6,5,2,11,6,0,0
93567,Newcastle,Bournemouth,2,2,62.6,37.4,5,7,17,12,692,456,478,275,16,22,16,23,4,2,0,3,1,3,9,23,0,0
93568,Nott'm Forest,West Ham,2,0,48.4,51.6,8,3,19,10,604,619,406,430,21,17,19,15,5,2,1,1,4,4,13,15,0,1
93566,Man City,Chelsea,1,1,70.4,29.6,5,6,31,9,942,531,711,307,15,28,10,53,12,1,0,5,1,3,7,12,0,0
93561,Brentford,Liverpool,1,4,37,63,6,8,15,15,544,787,357,614,16,12,21,17,1,6,3,2,2,1,4,18,0,0
93570,Spurs,Wolves,1,2,71.2,28.8,4,7,15,12,962,502,748,300,23,16,7,38,10,4,1,2,0,1,8,13,0,0
93552,Crystal Palace,Chelsea,1,3,22.7,77.3,4,5,13,14,420,1033,244,835,22,16,35,7,1,7,2,4,2,2,15,7,0,0
93559,West Ham,Arsenal,0,6,29.5,70.5,1,12,5,25,432,883,287,692,21,12,23,14,2,6,2,2,4,0,17,11,0,0
93551,Aston Villa,Man Utd,1,2,55.9,44.1,10,5,23,17,677,565,491,388,10,25,14,28,10,8,0,6,3,2,9,7,0,0
93556,Man City,Everton,2,0,72.5,27.5,3,1,19,5,963,461,772,294,12,21,7,33,9,0,1,2,0,2,6,11,0,0
93553,Fulham,Bournemouth,3,1,49.2,50.8,6,4,7,25,656,669,453,448,20,17,37,20,1,13,1,3,1,2,11,11,0,0
93554,Liverpool,Burnley,3,1,70.8,29.2,10,4,25,9,877,486,670,277,22,14,15,38,9,3,2,2,3,2,11,13,0,0
93555,Luton,Sheffield Utd,1,3,75,25,5,3,20,7,782,380,563,192,17,26,22,44,13,1,2,0,1,2,7,12,0,0
93558,Spurs,Brighton,2,1,52.5,47.5,6,3,16,6,714,683,527,475,10,16,21,24,9,6,4,6,2,3,14,13,0,0
93560,Wolves,Brentford,0,2,71.1,28.9,5,6,17,9,866,454,651,272,18,17,9,33,7,4,1,0,2,3,11,9,0,0
93557,Nott'm Forest,Newcastle,2,3,37.7,62.3,3,5,13,7,549,809,365,624,20,14,18,34,4,4,3,0,1,2,9,6,0,0
93543,Brentford,Man City,1,3,28.1,71.9,3,15,9,25,455,950,279,750,18,11,31,23,8,13,2,0,1,0,2,4,0,0
93542,Bournemouth,Nott'm Forest,1,1,44.4,55.6,2,6,9,8,551,634,330,427,15,31,13,28,11,6,1,1,3,2,19,12,1,0
93546,Chelsea,Wolves,2,4,64.4,35.6,6,7,15,14,826,546,637,356,13,18,12,26,10,1,3,0,3,2,15,11,0,0
93548,Man Utd,West Ham,3,0,51.1,48.9,5,3,12,22,687,689,528,482,18,16,22,18,5,8,1,0,0,1,10,5,0,0
93541,Arsenal,Liverpool,3,1,42.6,57.4,7,1,15,10,573,716,390,528,21,11,23,15,2,4,3,1,6,2,11,11,0,1
93544,Brighton,Crystal Palace,4,1,68.9,31.1,6,5,13,7,1039,541,870,389,23,16,3,7,3,2,2,2,1,3,8,14,0,0
93545,Burnley,Fulham,2,2,43.7,56.3,4,7,12,15,584,679,382,489,15,10,30,21,2,13,1,1,2,2,11,7,0,0
93550,Sheffield Utd,Aston Villa,0,5,35.9,64.1,5,10,10,14,492,787,353,633,17,8,13,13,3,4,6,0,1,0,10,7,0,0
93547,Everton,Spurs,2,2,42.6,57.4,5,6,14,9,594,719,347,495,25,22,14,28,9,5,5,1,3,0,8,14,0,0
93549,Newcastle,Luton,4,4,54.2,45.8,6,8,19,11,645,609,431,379,26,14,9,34,8,2,0,0,2,2,13,16,0,0
93537,West Ham,Bournemouth,1,1,48.8,51.2,3,4,9,9,679,700,451,482,27,21,26,19,1,5,1,3,1,3,13,11,0,0
93538,Wolves,Man Utd,3,4,53.1,46.9,7,8,16,21,704,654,511,454,25,20,12,20,4,5,1,2,2,5,10,10,0,0
93540,Man City,Burnley,3,1,74.1,25.9,4,3,14,8,949,419,795,270,10,20,8,19,7,3,3,3,2,2,3,13,0,0
93536,Spurs,Brentford,3,2,68.2,31.8,5,5,19,9,849,496,618,276,23,19,29,23,5,3,2,3,2,3,13,15,0,0
93539,Liverpool,Chelsea,4,1,50.5,49.5,13,3,28,4,763,761,553,561,22,14,7,33,8,1,3,3,2,4,15,16,0,0
93535,Nott'm Forest,Arsenal,1,2,26.6,73.4,3,3,9,19,462,919,268,759,15,16,45,13,2,10,1,3,0,1,6,7,0,0
93533,Fulham,Everton,0,0,69.8,30.2,6,4,25,21,822,467,612,262,6,22,21,37,15,6,3,2,1,2,6,13,0,0
93534,Luton,Brighton,4,0,40.9,59.1,8,2,18,9,584,728,357,542,17,26,15,17,7,4,4,1,2,2,13,14,0,0
93532,Crystal Palace,Sheffield Utd,3,2,53.5,46.5,4,5,12,9,713,656,472,428,30,35,19,34,11,1,2,1,1,4,8,18,0,0
93531,Aston Villa,Newcastle,1,3,61,39,6,5,12,14,755,539,569,359,13,19,11,27,8,7,2,4,4,1,14,12,0,0
93524,Brighton,Wolves,0,0,71.8,28.2,4,3,11,8,966,488,791,312,13,20,7,35,8,2,3,1,1,4,10,13,0,0
93530,Sheffield Utd,West Ham,2,2,57.4,42.6,6,5,21,16,713,577,496,370,17,18,16,21,4,1,1,2,3,1,11,10,1,1
93522,Bournemouth,Liverpool,0,4,39.2,60.8,1,7,11,14,576,770,328,526,27,32,20,26,8,5,1,0,1,2,9,12,0,0
93521,Arsenal,Crystal Palace,5,0,60.6,39.4,7,5,21,12,745,525,561,362,17,11,17,27,6,7,5,2,0,0,8,12,0,0
93523,Brentford,Nott'm Forest,3,2,48,52,5,3,11,12,656,690,456,496,16,13,27,25,6,4,0,2,1,3,10,14,0,0
93527,Everton,Aston Villa,0,0,31.3,68.7,2,5,10,16,417,748,236,530,25,10,26,19,4,5,5,1,1,4,13,14,0,0
93528,Man Utd,Spurs,2,2,36.3,63.7,2,6,9,16,526,780,313,555,21,22,27,14,8,13,3,4,2,1,8,5,0,0
93529,Newcastle,Man City,2,3,27.4,72.6,5,11,12,27,470,942,277,747,24,11,29,9,3,13,8,1,1,2,7,7,0,0
93526,Chelsea,Fulham,1,0,55.1,44.9,3,4,17,14,757,657,524,423,20,25,37,24,6,4,4,0,5,1,13,9,0,0
93525,Burnley,Luton,1,1,38.5,61.5,7,5,13,14,560,747,342,542,17,23,29,13,2,8,1,4,1,0,7,12,0,0
93519,West Ham,Brighton,0,0,31.4,68.6,2,8,6,22,557,1028,382,865,18,12,24,15,2,0,3,1,1,0,4,6,0,0
93514,Liverpool,Newcastle,4,2,61.9,38.1,15,3,34,5,767,563,555,350,15,20,1,39,7,3,1,3,3,5,16,15,0,0
93513,Fulham,Arsenal,2,1,39.5,60.5,4,3,15,13,583,797,412,637,15,13,22,13,5,4,4,0,4,1,11,10,0,0
93518,Spurs,Bournemouth,3,1,50.8,49.2,6,4,12,24,657,643,436,407,23,19,23,15,4,13,4,3,3,2,9,18,0,0
93515,Luton,Chelsea,2,3,51.4,48.6,6,8,15,12,636,608,406,418,21,26,4,25,7,2,5,1,2,2,14,21,0,0
93511,Aston Villa,Burnley,3,2,65.7,34.3,7,5,19,9,611,380,465,240,10,14,12,14,6,2,1,6,4,1,9,14,0,1
93512,Crystal Palace,Brentford,3,1,46.4,53.6,6,4,13,9,665,707,443,510,17,20,28,18,7,4,1,1,0,1,14,10,0,0
93516,Man City,Sheffield Utd,2,0,80.6,19.4,4,2,18,4,1128,362,1000,233,7,15,10,25,12,2,1,2,1,1,5,6,0,0
93520,Wolves,Everton,3,0,52.8,47.2,6,0,12,10,702,654,512,457,19,23,17,26,5,2,3,1,2,3,9,14,0,0
93517,Nott'm Forest,Man Utd,2,1,45.2,54.8,2,5,8,10,590,683,397,489,26,14,25,23,4,5,1,2,2,4,9,11,0,0
93504,Brighton,Spurs,4,2,45.2,54.8,9,3,15,19,658,754,459,537,16,16,29,12,7,6,2,5,3,2,18,6,0,0
93501,Arsenal,West Ham,0,2,74.1,25.9,8,3,30,6,958,475,749,265,20,24,9,38,10,3,0,1,2,0,8,8,0,0
93503,Brentford,Wolves,1,4,60.5,39.5,4,5,14,11,810,619,610,410,14,25,11,39,8,2,1,3,1,1,5,14,0,0
93506,Chelsea,Crystal Palace,2,1,63.8,36.2,4,5,9,13,843,543,644,352,21,25,22,12,4,3,3,6,3,2,13,16,0,0
93507,Everton,Man City,1,3,27.7,72.3,2,9,7,23,451,970,293,772,15,12,21,17,4,8,1,1,4,2,13,5,0,0
93502,Bournemouth,Fulham,3,0,42.5,57.5,4,3,16,8,604,732,403,548,13,16,23,25,6,5,3,0,0,2,10,10,0,0
93505,Burnley,Liverpool,0,2,31.4,68.6,0,10,9,19,485,840,292,664,25,14,20,10,4,4,1,4,2,1,7,10,0,0
93508,Man Utd,Aston Villa,3,2,45.7,54.3,7,4,13,10,588,653,393,462,21,14,26,14,3,6,9,0,1,3,10,10,0,0
93509,Newcastle,Nott'm Forest,1,3,62,38,7,6,19,15,721,546,513,326,12,21,7,44,10,2,0,1,3,3,10,11,0,0
93510,Sheffield Utd,Luton,2,3,50.9,49.1,6,4,21,12,567,571,356,346,20,15,20,34,9,4,1,0,5,0,13,13,0,0
93500,Wolves,Chelsea,2,1,31.6,68.4,6,5,14,16,457,788,266,600,22,17,19,16,10,6,3,0,3,6,11,9,0,0
93499,West Ham,Man Utd,2,0,34.5,65.5,5,3,12,11,523,806,321,626,19,20,27,21,4,4,1,1,2,3,13,15,0,0
93493,Fulham,Burnley,0,2,65.6,34.4,5,2,19,7,912,557,702,362,10,21,11,31,8,6,2,3,2,1,5,17,0,0
93495,Luton,Newcastle,1,0,34.8,65.2,5,2,16,15,521,767,301,568,13,29,29,13,6,7,0,3,2,2,11,6,0,0
93497,Nott'm Forest,Bournemouth,2,3,33.1,66.9,5,7,11,18,470,755,256,523,26,15,30,24,6,6,0,0,0,3,10,10,1,0
93498,Spurs,Everton,2,1,61.2,38.8,6,8,13,18,804,560,583,358,23,17,21,14,3,8,2,3,1,4,6,18,0,0
93494,Liverpool,Arsenal,1,1,51,49,3,2,13,13,652,647,442,423,34,20,16,22,4,5,1,1,2,5,13,14,0,0
93491,Aston Villa,Sheffield Utd,1,1,77.7,22.3,4,2,12,5,833,390,656,192,11,31,4,44,9,1,0,4,3,3,11,16,0,0
93492,Crystal Palace,Brighton,1,1,34.1,65.9,3,6,11,18,584,958,389,759,28,20,13,10,3,1,1,2,5,2,12,11,0,0
93481,Arsenal,Brighton,2,0,48.8,51.2,9,1,26,6,676,708,516,550,12,18,6,21,10,1,1,1,1,3,11,9,0,0
93483,Brentford,Aston Villa,1,2,32.8,67.2,3,5,4,15,431,749,250,528,33,12,16,29,7,11,7,0,6,4,19,6,1,1
93490,West Ham,Wolves,3,0,44.2,55.8,4,3,13,14,650,735,433,541,18,25,25,22,6,5,1,2,3,1,12,15,0,0
93486,Liverpool,Man Utd,0,0,68.3,31.7,8,1,34,6,835,512,607,293,24,17,5,45,12,0,4,2,2,4,13,8,0,1
93485,Chelsea,Sheffield Utd,2,0,77.7,22.3,6,1,15,6,1012,399,815,226,16,28,11,24,7,5,3,1,1,3,9,14,0,0
93487,Man City,Crystal Palace,2,2,74.2,25.8,9,2,19,5,979,452,818,285,13,14,7,29,6,1,2,1,1,1,12,9,0,0
93488,Newcastle,Fulham,3,0,70.8,29.2,10,4,27,6,890,453,696,287,11,22,6,26,5,1,2,0,0,2,7,12,0,1
93484,Burnley,Everton,0,2,62.1,37.9,2,6,14,9,729,517,542,330,18,12,18,29,8,6,0,4,0,1,9,8,0,0
93489,Nott'm Forest,Spurs,0,2,32.7,67.3,1,6,15,12,444,749,244,547,29,19,15,27,6,4,5,0,2,4,16,11,0,1
93474,Everton,Chelsea,2,0,27.9,72.1,5,4,9,16,448,908,259,703,23,20,24,25,4,8,2,1,2,2,12,12,0,0
93475,Fulham,West Ham,5,0,63.2,36.8,8,5,14,9,941,604,762,430,21,10,21,14,3,6,0,0,2,1,5,10,0,0
93476,Luton,Man City,1,2,34.7,65.3,2,6,4,18,484,790,302,594,20,21,12,15,6,3,1,1,2,1,16,6,0,0
93479,Spurs,Newcastle,4,1,56.2,43.8,12,3,23,9,759,631,536,409,31,27,13,20,3,6,1,3,1,3,10,12,0,0
93473,Crystal Palace,Liverpool,1,2,24.1,75.9,4,2,8,14,384,863,197,662,23,11,30,20,6,5,0,6,5,2,17,17,1,0
93472,Brighton,Burnley,1,1,72,28,11,3,29,6,979,488,777,308,13,28,2,34,9,1,2,1,0,4,5,8,0,0
93477,Man Utd,Bournemouth,0,3,69,31,3,4,20,10,863,527,660,296,23,19,12,30,10,4,1,2,3,1,7,10,0,0
93478,Sheffield Utd,Brentford,1,0,40.2,59.8,4,4,9,10,559,709,334,489,14,23,43,15,3,3,1,1,5,1,14,13,0,0
93480,Wolves,Nott'm Forest,1,1,68.1,31.9,4,2,10,8,858,483,655,307,9,21,14,21,4,3,3,1,0,1,9,11,0,0
93471,Aston Villa,Arsenal,1,0,38.5,61.5,3,5,10,12,496,670,289,462,31,31,25,16,3,3,1,4,4,2,16,11,0,0
93464,Everton,Newcastle,3,0,38.5,61.5,6,3,21,13,517,739,313,539,22,10,20,32,5,2,0,2,3,0,18,8,0,0
93468,Spurs,West Ham,1,2,75,25,7,5,23,11,988,449,784,251,18,23,12,27,8,4,1,6,3,3,11,12,0,0
93462,Brighton,Brentford,2,1,61.6,38.4,7,2,18,8,793,550,608,377,15,28,20,19,7,3,1,2,3,1,10,8,0,0
93463,Crystal Palace,Bournemouth,0,2,59.1,40.9,3,4,16,11,722,548,524,354,23,19,14,17,3,9,0,0,1,3,10,17,0,0
93465,Fulham,Nott'm Forest,5,0,63.7,36.3,6,1,14,4,864,560,700,401,22,13,8,19,6,1,2,3,0,1,7,10,0,0
93467,Sheffield Utd,Liverpool,0,2,24.3,75.7,1,8,6,15,380,843,207,632,20,16,23,17,2,12,1,4,2,3,12,8,0,0
93461,Aston Villa,Man City,1,0,46.1,53.9,7,2,22,2,608,683,436,520,15,19,6,29,6,0,0,5,2,2,13,13,0,0
93470,Man Utd,Chelsea,2,1,44.8,55.2,9,3,28,13,598,698,397,512,16,12,9,13,12,4,3,1,4,0,12,12,0,0
93469,Wolves,Burnley,1,0,51.1,48.9,4,3,7,12,660,621,467,436,17,19,27,15,5,8,2,0,2,4,11,15,0,0
93466,Luton,Arsenal,3,4,33.4,66.6,4,9,6,23,488,785,296,589,20,13,35,14,3,8,1,4,2,1,14,7,0,0
93452,Bournemouth,Aston Villa,2,2,37.3,62.7,7,3,15,11,493,678,282,473,25,24,23,16,7,7,3,2,5,3,16,12,0,0
93455,Chelsea,Brighton,3,2,32.4,67.6,5,9,8,18,490,833,306,645,13,20,29,10,5,8,2,3,3,5,16,12,1,0
93456,Liverpool,Fulham,4,3,61.2,38.8,12,5,26,9,852,626,624,392,15,22,11,31,3,4,5,1,0,0,6,7,0,0
93460,West Ham,Crystal Palace,1,1,54.5,45.5,3,2,9,9,767,662,557,466,17,23,16,19,2,3,2,0,2,0,17,7,0,0
93457,Man City,Spurs,3,3,55,45,4,4,17,8,757,654,572,472,7,13,10,34,10,8,2,2,4,4,14,14,0,0
93451,Arsenal,Wolves,2,1,56.7,43.3,6,3,19,6,783,637,617,478,17,18,9,18,4,0,3,0,1,2,10,10,0,0
93453,Brentford,Luton,3,1,68.6,31.4,6,1,27,7,844,498,626,277,18,17,21,39,7,5,0,2,1,2,10,8,0,0
93454,Burnley,Sheffield Utd,5,0,63.6,36.4,7,3,19,6,727,480,570,334,10,11,9,34,6,1,3,1,2,5,10,12,0,1
93459,Nott'm Forest,Everton,0,1,61.6,38.4,2,3,13,12,837,573,592,359,21,16,43,31,4,3,1,2,1,0,15,14,0,0
93458,Newcastle,Man Utd,1,0,58.3,41.7,4,1,22,8,712,545,522,366,17,15,12,28,7,3,0,1,1,2,6,14,0,0
93444,Fulham,Wolves,3,2,59.8,40.2,6,6,12,10,834,594,639,432,17,11,14,22,6,2,1,1,2,2,13,13,0,0
93450,Spurs,Aston Villa,1,2,62,38,8,5,18,15,819,565,633,384,21,18,8,15,9,3,5,2,0,4,11,13,0,0
93443,Everton,Man Utd,0,3,50.6,49.4,6,4,24,9,630,644,443,444,15,21,9,36,6,5,2,2,3,0,10,8,0,0
93446,Man City,Liverpool,1,1,60,40,5,3,16,8,800,565,614,414,22,12,23,19,9,6,3,4,1,3,9,11,0,0
93442,Burnley,West Ham,1,2,50.9,49.1,5,3,11,11,686,658,496,473,17,20,27,9,4,5,2,1,1,3,11,7,0,0
93445,Luton,Crystal Palace,2,1,39,61,3,8,8,16,562,743,335,538,18,17,39,19,4,5,1,1,6,1,15,12,0,0
93447,Newcastle,Chelsea,4,1,54,46,5,4,14,7,667,593,482,423,20,26,2,14,4,2,0,0,4,4,13,19,0,1
93448,Nott'm Forest,Brighton,2,3,46.7,53.3,5,5,18,10,636,733,465,551,13,13,10,31,6,4,0,0,2,6,12,7,0,1
93449,Sheffield Utd,Bournemouth,1,3,45.5,54.5,2,11,10,23,605,715,405,490,26,16,21,19,4,7,4,1,4,1,6,8,0,0
93441,Brentford,Arsenal,0,1,36.4,63.6,3,4,9,15,469,687,298,508,14,8,35,14,1,8,2,3,1,1,9,7,0,0
93432,Aston Villa,Fulham,3,1,50.7,49.3,6,5,12,9,665,652,511,489,7,15,13,13,2,2,3,7,2,5,4,17,0,0
93434,Brighton,Sheffield Utd,1,1,61.4,38.6,6,1,11,9,806,558,627,396,13,27,13,18,6,3,3,1,3,2,13,16,1,0
93437,Liverpool,Brentford,3,0,58.3,41.7,10,3,17,16,685,557,504,354,10,14,20,31,6,8,2,2,1,2,16,12,0,0
93439,West Ham,Nott'm Forest,3,2,54.3,45.7,6,5,16,10,706,629,516,438,19,17,26,26,9,4,1,0,2,2,9,12,0,0
93435,Chelsea,Man City,4,4,45.2,54.8,9,10,17,15,626,736,444,531,21,17,18,12,3,3,1,0,5,3,13,15,0,0
93440,Wolves,Spurs,2,1,41.5,58.5,4,2,17,6,649,827,430,628,23,19,10,27,11,3,4,1,4,3,19,15,0,0
93431,Arsenal,Burnley,3,1,63.5,36.5,6,5,16,8,715,499,561,334,17,13,11,32,13,3,3,2,0,1,8,9,1,0
93436,Crystal Palace,Everton,2,3,67.2,32.8,4,4,13,8,881,524,658,310,17,22,26,36,9,2,4,0,1,4,9,18,0,0
93438,Man Utd,Luton,1,0,64.5,35.5,4,4,15,10,764,512,576,321,17,14,12,34,11,3,1,1,0,2,9,11,0,0
93433,Bournemouth,Newcastle,2,0,47.6,52.4,10,5,19,8,619,659,422,469,27,23,13,18,6,5,0,2,2,1,10,4,0,0
93430,Spurs,Chelsea,1,4,38.7,61.3,5,8,8,17,515,682,317,502,24,18,21,8,1,6,3,7,1,5,12,21,2,0
93428,Nott'm Forest,Aston Villa,2,0,26.5,73.5,3,3,5,13,408,843,240,654,30,10,34,10,0,10,9,1,1,1,6,9,0,0
93425,Luton,Liverpool,1,1,26.2,73.8,5,6,8,24,446,874,229,659,20,12,43,17,4,7,1,1,1,1,7,13,0,0
93424,Fulham,Man Utd,0,1,45,55,3,5,18,12,565,645,363,454,14,13,21,27,9,4,1,2,5,2,9,15,0,0
93421,Brentford,West Ham,3,2,59.4,40.6,4,2,16,12,736,561,560,373,9,13,31,25,4,3,2,0,1,4,12,14,0,0
93422,Burnley,Crystal Palace,0,2,67.5,32.5,5,3,17,4,772,468,591,296,15,14,7,38,12,1,2,0,0,5,9,12,0,0
93423,Everton,Brighton,1,1,20.1,79.9,4,2,10,7,356,1023,208,866,16,6,24,12,3,3,0,3,4,2,15,5,0,0
93426,Man City,Bournemouth,6,1,64.8,35.2,8,1,21,5,857,515,731,395,5,7,9,21,12,1,0,2,0,1,8,9,0,0
93429,Sheffield Utd,Wolves,2,1,38.1,61.9,2,3,11,10,487,694,300,501,24,13,14,25,4,4,0,3,2,3,13,10,0,0
93427,Newcastle,Arsenal,1,0,40.9,59.1,2,1,9,14,521,655,342,484,18,11,26,14,0,11,2,1,5,1,14,9,0,0
93419,West Ham,Everton,0,1,63.7,36.3,2,4,12,10,863,566,649,365,17,29,13,28,4,3,1,3,4,1,7,11,0,0
93412,Aston Villa,Luton,3,1,70.5,29.5,6,1,17,7,758,387,617,243,11,17,9,8,6,4,0,6,3,2,11,10,0,0
93414,Brighton,Fulham,1,1,71.1,28.9,7,5,18,10,999,512,823,331,21,27,10,14,7,3,0,1,0,3,12,8,0,0
93417,Liverpool,Nott'm Forest,3,0,72.6,27.4,8,1,21,9,923,454,728,266,12,19,11,31,8,3,1,3,2,3,9,13,0,0
93418,Man Utd,Man City,0,3,39.5,60.5,3,10,7,21,541,771,391,605,14,12,24,9,7,12,4,0,4,1,9,5,0,0
93415,Chelsea,Brentford,0,2,68.8,31.2,2,5,17,7,921,508,730,333,11,19,12,35,10,1,0,0,1,4,12,7,0,0
93411,Arsenal,Sheffield Utd,5,0,67.1,32.9,8,0,13,2,810,463,659,323,10,20,8,21,6,1,1,1,0,3,9,13,0,0
93413,Bournemouth,Burnley,2,1,44.3,55.7,6,3,13,6,565,658,366,470,25,12,16,26,10,5,3,1,2,3,9,12,0,0
93420,Wolves,Newcastle,2,2,43.2,56.8,6,5,11,13,598,718,393,516,28,16,21,21,8,7,2,0,1,4,13,15,0,0
93416,Crystal Palace,Spurs,1,2,24.3,75.7,3,1,13,10,416,943,220,732,24,20,12,23,11,2,1,3,2,1,19,11,0,0
93410,Spurs,Fulham,2,0,55.6,44.4,5,3,15,10,778,663,593,463,19,19,12,12,3,5,4,6,2,0,10,14,0,0
93401,Aston Villa,West Ham,4,1,58.3,41.7,7,4,15,14,668,501,501,350,18,5,19,17,8,7,2,3,0,1,8,15,0,0
93405,Liverpool,Everton,2,0,77.5,22.5,6,1,26,6,935,409,742,213,13,17,14,28,12,4,2,1,1,1,9,9,0,1
93402,Bournemouth,Wolves,1,2,33.7,66.3,4,7,7,21,501,812,303,598,18,26,17,15,3,12,0,1,2,6,15,10,1,0
93403,Brentford,Burnley,3,0,49.9,50.1,10,1,23,6,618,635,443,437,17,7,13,27,5,5,2,2,5,2,14,12,0,1
93406,Man City,Brighton,2,1,54.5,45.5,6,3,10,5,749,642,609,506,14,10,9,16,2,2,2,1,2,2,9,11,1,0
93407,Newcastle,Crystal Palace,4,0,59.5,40.5,7,3,10,17,749,570,573,389,8,20,15,23,6,8,0,1,2,3,7,12,0,0
93408,Nott'm Forest,Luton,2,2,57.2,42.8,8,4,19,13,701,567,494,361,14,9,22,25,4,2,2,0,3,0,12,11,0,0
93404,Chelsea,Arsenal,2,2,43.3,56.7,5,3,11,13,618,730,443,570,17,19,17,5,2,7,2,1,3,3,7,14,0,0
93409,Sheffield Utd,Man Utd,1,2,37.5,62.5,6,5,12,14,522,747,332,556,14,16,22,18,5,4,3,4,3,1,12,10,0,0
93392,Brighton,Liverpool,2,2,46,54,3,4,14,14,611,673,418,498,17,22,13,19,8,1,1,0,1,2,12,20,0,0
93399,West Ham,Newcastle,2,2,35.2,64.8,3,3,5,10,457,756,318,603,11,8,10,19,4,2,2,1,3,3,11,18,0,0
93400,Wolves,Aston Villa,1,1,46.3,53.7,3,4,8,18,506,565,358,395,13,7,23,9,2,10,3,1,3,2,19,9,1,0
93391,Arsenal,Man City,1,0,49,51,2,1,12,4,667,669,500,521,20,22,10,14,5,4,2,0,2,3,8,7,0,0
93397,Luton,Spurs,0,1,33.1,66.9,2,4,12,15,475,785,252,553,26,20,24,26,5,6,4,4,2,1,16,7,0,1
93393,Burnley,Chelsea,1,4,37.6,62.4,3,5,10,9,562,839,390,664,24,22,9,9,7,3,4,2,2,4,11,8,0,0
93395,Everton,Bournemouth,3,0,47.4,52.6,8,4,25,11,629,687,386,434,28,20,18,30,8,7,2,0,1,2,14,15,0,0
93396,Fulham,Sheffield Utd,3,1,60.3,39.7,6,2,20,5,749,553,517,342,24,20,13,32,9,4,2,1,1,2,8,10,0,0
93398,Man Utd,Brentford,2,1,63.9,36.1,8,3,21,11,755,504,557,326,4,18,9,42,7,5,4,0,0,5,10,17,0,0
93394,Crystal Palace,Nott'm Forest,0,0,52,48,2,5,8,16,704,661,528,482,18,20,22,25,3,7,0,2,0,1,7,12,0,0
93335,Luton,Burnley,1,2,48.6,51.4,3,4,18,14,591,615,370,412,14,15,14,34,7,6,3,3,4,2,14,6,0,0
93384,Fulham,Chelsea,0,2,55.7,44.3,3,4,10,11,748,653,561,462,16,24,5,26,8,1,2,4,1,4,15,12,0,0
93387,Nott'm Forest,Brentford,1,1,40.9,59.1,1,5,6,18,600,762,407,578,17,11,38,10,1,11,2,1,1,2,6,10,1,0
93382,Bournemouth,Arsenal,0,4,42.4,57.6,1,8,8,15,568,724,389,545,16,28,6,14,6,6,2,0,0,1,11,10,0,0
93383,Everton,Luton,1,2,67.6,32.4,5,2,23,9,828,502,576,275,23,24,14,29,3,6,2,3,0,1,8,10,0,0
93385,Man Utd,Crystal Palace,0,1,77.1,22.9,4,2,19,8,967,456,741,221,32,26,11,36,10,4,2,0,3,2,10,8,0,0
93386,Newcastle,Burnley,2,0,52.8,47.2,8,2,20,8,700,637,510,463,21,13,10,23,5,3,1,3,1,3,7,15,0,0
93389,West Ham,Sheffield Utd,2,0,52.4,47.6,9,2,20,16,681,621,494,441,16,14,18,20,7,4,2,3,1,1,6,9,0,0
93390,Wolves,Man City,2,1,31.9,68.1,1,8,3,23,462,773,282,597,12,15,28,7,0,6,2,0,6,5,18,12,0,0
93388,Spurs,Liverpool,2,1,64.5,35.5,8,4,24,12,886,565,662,364,23,15,14,24,11,5,4,1,5,4,11,17,0,2
93381,Aston Villa,Brighton,6,1,38,62,9,3,19,11,490,695,320,518,21,19,12,12,1,3,0,6,4,4,19,21,0,0
93371,Arsenal,Spurs,2,2,46.5,53.5,6,5,13,13,579,627,377,449,24,28,12,21,11,4,2,3,3,4,12,19,0,0
93373,Brighton,Bournemouth,3,1,61.5,38.5,4,4,13,12,716,508,519,325,24,23,14,14,4,4,1,1,3,3,12,17,0,0
93375,Chelsea,Aston Villa,0,1,52.7,47.3,4,7,10,15,646,590,443,388,23,21,24,15,5,11,10,1,2,3,9,11,1,0
93377,Liverpool,West Ham,3,1,64,36,7,4,22,11,857,567,645,356,17,24,19,28,7,4,2,1,0,2,12,13,0,0
93380,Sheffield Utd,Newcastle,0,8,42.2,57.8,1,15,9,22,621,801,444,602,19,19,24,9,2,5,3,1,4,0,12,8,0,0
93376,Crystal Palace,Fulham,0,0,50.5,49.5,3,5,7,10,672,651,475,462,14,27,22,18,3,2,3,1,3,2,10,15,0,0
93378,Luton,Wolves,1,1,56.4,43.6,4,3,20,3,641,555,430,359,20,14,5,33,10,1,1,1,0,2,12,17,0,1
93379,Man City,Nott'm Forest,2,0,57.4,42.6,4,3,7,10,735,559,570,414,8,18,23,12,6,6,0,3,3,7,5,17,1,0
93372,Brentford,Everton,1,3,57.4,42.6,2,6,12,18,764,616,588,425,20,16,16,20,1,4,3,1,2,2,9,12,0,0
93374,Burnley,Man Utd,0,1,61.8,38.2,4,4,12,11,804,559,647,403,13,13,14,26,9,5,1,3,1,2,6,12,0,0
93367,Nott'm Forest,Burnley,1,1,46.1,53.9,4,3,14,10,586,674,407,487,13,10,17,30,5,4,2,2,2,3,16,10,0,1
93362,Bournemouth,Chelsea,0,0,35.3,64.7,4,6,13,14,520,774,312,590,14,9,24,15,1,7,1,2,1,5,15,20,0,0
93363,Everton,Arsenal,0,1,26,74,1,4,8,13,372,834,235,668,19,9,17,11,1,11,1,4,1,1,12,10,0,0
93361,Aston Villa,Crystal Palace,3,1,66.7,33.3,5,3,16,6,818,525,604,303,26,23,8,29,4,2,1,0,5,3,13,9,0,0
93364,Fulham,Luton,1,0,77.6,22.4,2,2,13,7,983,391,809,222,17,20,10,17,6,2,0,1,2,2,6,14,0,0
93365,Man Utd,Brighton,1,3,43.9,56.1,4,8,14,10,659,808,497,661,16,19,2,17,8,1,4,1,2,2,8,9,0,0
93368,Spurs,Sheffield Utd,2,1,70.1,29.9,10,5,28,7,833,465,620,269,17,22,5,34,15,2,2,3,6,5,13,14,0,1
93369,West Ham,Man City,1,3,31.6,68.4,3,15,6,29,500,860,320,704,14,11,30,5,4,11,1,0,3,2,7,11,0,0
93366,Newcastle,Brentford,1,0,56.3,43.7,2,2,9,11,672,558,464,367,12,30,19,28,8,3,0,1,3,5,8,12,0,0
93370,Wolves,Liverpool,1,3,34.2,65.8,2,6,11,16,589,918,367,729,22,24,24,19,4,4,1,0,1,3,10,4,0,0
93356,Crystal Palace,Wolves,3,2,42.9,57.1,11,4,16,12,583,722,393,519,24,26,20,15,4,2,1,2,1,3,12,12,0,0
93357,Liverpool,Aston Villa,3,0,63.7,36.3,4,3,17,9,845,542,694,388,14,15,10,16,7,3,6,1,0,1,12,7,0,0
93351,Arsenal,Man Utd,3,1,54.8,45.2,5,2,17,10,712,616,532,462,11,15,8,27,12,3,2,1,2,3,8,7,0,0
93360,Sheffield Utd,Everton,2,2,45.4,54.6,8,6,13,16,607,673,384,459,16,23,37,17,4,6,1,2,1,2,11,13,0,0
93352,Brentford,Bournemouth,2,2,61.1,38.9,7,5,21,12,689,509,484,310,22,22,16,28,5,2,1,1,1,2,6,13,0,0
93354,Burnley,Spurs,2,5,46.1,53.9,4,11,16,21,666,766,467,563,27,19,11,17,7,4,2,1,4,3,15,9,0,0
93355,Chelsea,Nott'm Forest,0,1,76.1,23.9,2,3,21,7,946,428,713,230,16,23,11,37,7,0,2,3,3,4,10,9,0,0
93359,Man City,Fulham,5,1,67.9,32.1,5,4,7,6,875,479,733,336,17,11,10,10,4,5,1,1,2,4,12,12,0,0
93353,Brighton,Newcastle,3,1,55.8,44.2,6,2,15,9,741,596,565,440,8,18,12,14,5,3,5,0,4,4,14,17,0,0
93358,Luton,West Ham,1,2,38.8,61.2,1,3,16,9,576,814,366,609,14,22,24,30,9,6,0,6,1,1,8,13,0,0
93345,Burnley,Aston Villa,1,3,56.9,43.1,2,6,9,16,739,596,594,454,10,15,14,14,4,6,5,1,2,0,12,11,0,0
93350,Sheffield Utd,Man City,1,2,20.5,79.5,2,9,6,30,340,917,194,742,11,12,29,7,1,12,1,2,4,0,11,2,0,0
93349,Newcastle,Liverpool,1,2,60,40,8,4,23,9,751,575,590,384,19,12,15,19,5,9,0,1,1,2,16,10,0,1
93342,Bournemouth,Spurs,0,2,43.1,56.9,3,6,11,17,585,750,391,537,17,22,11,27,6,2,3,0,1,3,18,11,0,0
93341,Arsenal,Fulham,2,2,71.1,28.9,11,3,19,8,879,440,680,274,14,18,10,38,8,3,4,1,0,4,6,5,0,1
93343,Brentford,Crystal Palace,1,1,59.8,40.2,1,5,12,15,705,544,518,348,9,20,9,24,8,6,2,2,0,0,9,15,0,0
93347,Everton,Wolves,0,1,46.8,53.2,7,2,15,11,603,673,406,472,26,18,7,20,7,0,1,1,3,4,10,14,0,0
93348,Man Utd,Nott'm Forest,3,2,66.3,33.7,9,4,18,9,812,514,637,316,15,19,25,29,11,3,3,2,4,4,13,11,0,1
93344,Brighton,West Ham,1,3,78,22,10,7,25,12,943,419,749,208,12,15,12,42,17,4,1,2,1,3,10,9,0,0
93346,Chelsea,Luton,3,0,67.2,32.8,8,1,19,11,821,459,653,306,10,18,12,18,6,4,0,0,2,3,15,12,0,0
93332,Crystal Palace,Arsenal,0,1,46.9,53.1,2,3,14,14,601,651,428,489,14,14,18,17,1,8,0,2,2,1,14,10,0,1
93331,Aston Villa,Everton,4,0,60.4,39.6,7,2,13,9,732,504,566,361,9,14,17,9,7,6,1,1,3,4,8,12,0,0
93339,West Ham,Chelsea,3,1,24.3,75.7,6,4,12,17,424,912,227,716,14,16,27,13,3,9,3,2,2,3,12,9,1,0
93333,Fulham,Brentford,0,3,54.6,45.4,2,8,10,17,632,562,474,391,10,13,22,25,5,5,1,4,2,2,13,12,1,0
93334,Liverpool,Bournemouth,3,1,64.7,35.3,10,5,26,13,806,537,600,325,15,18,15,28,10,2,0,3,1,3,11,13,1,0
93340,Wolves,Brighton,1,4,46.4,53.6,5,8,16,16,672,746,462,552,20,25,6,21,5,3,4,7,3,6,14,11,1,0
93338,Spurs,Man Utd,2,0,55.7,44.3,6,6,17,22,715,613,502,401,15,22,20,17,5,6,1,4,1,3,9,8,0,0
93336,Man City,Newcastle,1,0,58.7,41.3,4,1,14,7,823,613,684,477,11,10,10,11,3,0,1,4,1,5,13,11,0,0
93337,Nott'm Forest,Sheffield Utd,2,1,49.9,50.1,4,3,16,7,656,637,436,437,20,22,24,15,6,7,3,2,2,3,5,9,0,0
93330,Man Utd,Wolves,1,0,51,49,3,6,15,23,686,698,465,439,18,23,20,19,8,7,1,3,2,3,15,10,0,0
93328,Brentford,Spurs,2,2,30.4,69.6,6,6,11,18,499,907,306,711,17,16,34,17,3,6,1,0,1,4,12,13,0,0
93329,Chelsea,Liverpool,1,1,64.9,35.1,4,1,10,13,905,576,698,377,13,19,16,36,4,4,3,5,3,3,5,13,0,0
93322,Arsenal,Nott'm Forest,2,1,78.3,21.7,7,2,15,6,930,365,769,200,19,17,9,16,8,3,2,1,2,2,12,12,0,0
93323,Bournemouth,West Ham,1,1,62.9,37.1,5,3,14,16,729,523,517,304,17,30,10,29,10,4,0,2,1,4,9,14,0,0
93324,Brighton,Luton,4,1,70.7,29.3,12,3,27,9,794,417,605,234,13,17,13,27,6,7,2,3,2,2,11,12,0,0
93325,Everton,Fulham,0,1,40.6,59.4,9,2,19,9,550,726,366,556,13,10,16,29,10,4,6,3,0,2,12,6,0,0
93327,Sheffield Utd,Crystal Palace,0,1,32.2,67.8,1,8,8,24,472,801,262,562,22,21,34,14,5,5,2,2,3,0,18,11,0,0
93326,Newcastle,Aston Villa,5,1,52.6,47.4,13,6,17,16,674,624,502,447,16,13,12,14,6,5,2,0,4,4,12,17,0,0
93321,Burnley,Man City,0,3,34.4,65.6,1,8,6,17,511,860,365,706,12,17,16,6,6,5,0,1,0,0,11,8,1,0
